{"hv_ratio": 0.7598303825247834, "hv_min_views": 4, "hv_view_dist": 2.6456279871328356}