{"hv_ratio": 0.8873900862449993, "hv_min_views": 1, "hv_view_dist": 4.132199371054325}