{"hv_ratio": 0.3373147146873674, "hv_min_views": 1, "hv_view_dist": 4.919077292546065}