{"goal_decay": 0.8931972869024131, "goal_mark": 1.5408333085167494, "filter_goal_prob": 0.3815852738227455}