{"goal_decay": 0.9500142909676763, "goal_mark": 1.5375265079142248, "filter_goal_prob": 0.5711726101687125}