{"hv_ratio": 0.3257342894974733, "hv_min_views": 3, "hv_view_dist": 3.815264621554209}