{"hv_ratio": 0.480552774159336, "hv_min_views": 9, "hv_view_dist": 4.904349651904623}