{"goal_decay": 0.98335764936883, "goal_mark": 1.9972283257295642}