{"goal_decay": 0.9144415005647805, "goal_mark": 1.8988558370956663}