{"goal_decay": 0.9155566538754258, "goal_mark": 1.0743953606062346}